Jperez,Juan Pérez Rosales,hS6#8
Elopez,Eugenio López Cardona,Ea@7!
Agonzales,Andrea González Pérez,7iNxm
Mguitierrez,Manuel Gutiérrez Pérez,hS6#8
Mlopez,Margarita López Correa,Ea@7!
Mcruz,María del Carmen de la Cruz Martínez,7iNxm
Jmartinez,Juan Carlos Martínez López,hS6#8
Rcruz,Roberto Cruz Pérez,Ea@7!
Fsolis,Fernando Solís Perea,7iNxm
Dojeda,Daniel Ojeda Pérez,hS6#8
Dlopez,Daniel López Correa,Ea@7!
Bmartinez,Brenda Eugenia Martínez Pérez,7iNxm
Cvazquez,Claudia Guadalupe Vázquez Vázquez,hS6#8
Mperez,María Pérez López,Ea@7!
Lgonzales,Luz Elena González Martínez,7iNxm
Mguadaluoe,María Guadalupe Ramírez Castro,hS6#8
Ecabrera,Ernestina Cabrera Ramírez,Ea@7!
Cmunoz,Catalina Muñoz Pérez,7iNxm
Jgonzales,Juana Guadalupe González de la Cruz,hS6#8
Admin,Elon Musk,Admin1
diegoB,Diego Betanzos,Lagatadelaiter#1
